1,1,06:0:0,22:0:0,1,59
2,1,22:0:0,06:0:0,1,75
3,1,06:0:0,22:0:0,2,115
4,1,22:0:0,06:0:0,2,163
5,1,06:0:0,22:0:0,3,183
6,1,22:0:0,06:0:0,3,241
7,1,06:0:0,22:0:0,4,259
8,1,22:0:0,06:0:0,4,297
9,2,06:0:0,22:0:0,1,61
10,2,22:0:0,06:0:0,1,86
11,2,06:0:0,22:0:0,2,132
12,2,22:0:0,06:0:0,2,178
13,2,06:0:0,22:0:0,3,179
14,2,22:0:0,06:0:0,3,269
15,2,06:0:0,22:0:0,4,243
16,2,22:0:0,06:0:0,4,344
17,3,06:0:0,22:0:0,1,57
18,3,22:0:0,06:0:0,1,71
19,3,06:0:0,22:0:0,2,137
20,3,22:0:0,06:0:0,2,155
21,3,06:0:0,22:0:0,3,200
22,3,22:0:0,06:0:0,3,250
23,3,06:0:0,22:0:0,4,280
24,3,22:0:0,06:0:0,4,322
25,4,06:0:0,22:0:0,1,70
26,4,22:0:0,06:0:0,1,78
27,4,06:0:0,22:0:0,2,130
28,4,22:0:0,06:0:0,2,153
29,4,06:0:0,22:0:0,3,197
30,4,22:0:0,06:0:0,3,226
31,4,06:0:0,22:0:0,4,215
32,4,22:0:0,06:0:0,4,302
33,5,06:0:0,22:0:0,1,67
34,5,22:0:0,06:0:0,1,83
35,5,06:0:0,22:0:0,2,102
36,5,22:0:0,06:0:0,2,175
37,5,06:0:0,22:0:0,3,160
38,5,22:0:0,06:0:0,3,264
39,5,06:0:0,22:0:0,4,230
40,5,22:0:0,06:0:0,4,298
41,6,06:0:0,22:0:0,1,63
42,6,22:0:0,06:0:0,1,72
43,6,06:0:0,22:0:0,2,132
44,6,22:0:0,06:0:0,2,169
45,6,06:0:0,22:0:0,3,154
46,6,22:0:0,06:0:0,3,243
47,6,06:0:0,22:0:0,4,280
48,6,22:0:0,06:0:0,4,305
49,7,06:0:0,22:0:0,1,56
50,7,22:0:0,06:0:0,1,83
51,7,06:0:0,22:0:0,2,139
52,7,22:0:0,06:0:0,2,143
53,7,06:0:0,22:0:0,3,182
54,7,22:0:0,06:0:0,3,266
55,7,06:0:0,22:0:0,4,274
56,7,22:0:0,06:0:0,4,296
57,8,06:0:0,22:0:0,1,63
58,8,22:0:0,06:0:0,1,88
59,8,06:0:0,22:0:0,2,108
60,8,22:0:0,06:0:0,2,175
61,8,06:0:0,22:0:0,3,199
62,8,22:0:0,06:0:0,3,263
63,8,06:0:0,22:0:0,4,248
64,8,22:0:0,06:0:0,4,357
65,9,06:0:0,22:0:0,1,63
66,9,22:0:0,06:0:0,1,71
67,9,06:0:0,22:0:0,2,119
68,9,22:0:0,06:0:0,2,158
69,9,06:0:0,22:0:0,3,166
70,9,22:0:0,06:0:0,3,252
71,9,06:0:0,22:0:0,4,248
72,9,22:0:0,06:0:0,4,341
73,10,06:0:0,22:0:0,1,51
74,10,22:0:0,06:0:0,1,75
75,10,06:0:0,22:0:0,2,111
76,10,22:0:0,06:0:0,2,174
77,10,06:0:0,22:0:0,3,199
78,10,22:0:0,06:0:0,3,268
79,10,06:0:0,22:0:0,4,226
80,10,22:0:0,06:0:0,4,283
81,11,06:0:0,22:0:0,1,64
82,11,22:0:0,06:0:0,1,88
83,11,06:0:0,22:0:0,2,105
84,11,22:0:0,06:0:0,2,168
85,11,06:0:0,22:0:0,3,180
86,11,22:0:0,06:0:0,3,241
87,11,06:0:0,22:0:0,4,226
88,11,22:0:0,06:0:0,4,281
89,12,06:0:0,22:0:0,1,56
90,12,22:0:0,06:0:0,1,89
91,12,06:0:0,22:0:0,2,106
92,12,22:0:0,06:0:0,2,172
93,12,06:0:0,22:0:0,3,194
94,12,22:0:0,06:0:0,3,230
95,12,06:0:0,22:0:0,4,211
96,12,22:0:0,06:0:0,4,280
97,13,06:0:0,22:0:0,1,70
98,13,22:0:0,06:0:0,1,70
99,13,06:0:0,22:0:0,2,130
100,13,22:0:0,06:0:0,2,148
101,13,06:0:0,22:0:0,3,207
102,13,22:0:0,06:0:0,3,225
103,13,06:0:0,22:0:0,4,220
104,13,22:0:0,06:0:0,4,285
105,14,06:0:0,22:0:0,1,62
106,14,22:0:0,06:0:0,1,87
107,14,06:0:0,22:0:0,2,112
108,14,22:0:0,06:0:0,2,170
109,14,06:0:0,22:0:0,3,193
110,14,22:0:0,06:0:0,3,217
111,14,06:0:0,22:0:0,4,232
112,14,22:0:0,06:0:0,4,306
113,15,06:0:0,22:0:0,1,51
114,15,22:0:0,06:0:0,1,89
115,15,06:0:0,22:0:0,2,137
116,15,22:0:0,06:0:0,2,174
117,15,06:0:0,22:0:0,3,182
118,15,22:0:0,06:0:0,3,241
119,15,06:0:0,22:0:0,4,203
120,15,22:0:0,06:0:0,4,327
121,16,06:0:0,22:0:0,1,57
122,16,22:0:0,06:0:0,1,77
123,16,06:0:0,22:0:0,2,128
124,16,22:0:0,06:0:0,2,179
125,16,06:0:0,22:0:0,3,205
126,16,22:0:0,06:0:0,3,251
127,16,06:0:0,22:0:0,4,248
128,16,22:0:0,06:0:0,4,332
129,17,06:0:0,22:0:0,1,64
130,17,22:0:0,06:0:0,1,75
131,17,06:0:0,22:0:0,2,131
132,17,22:0:0,06:0:0,2,166
133,17,06:0:0,22:0:0,3,179
134,17,22:0:0,06:0:0,3,247
135,17,06:0:0,22:0:0,4,255
136,17,22:0:0,06:0:0,4,304
137,18,06:0:0,22:0:0,1,54
138,18,22:0:0,06:0:0,1,81
139,18,06:0:0,22:0:0,2,107
140,18,22:0:0,06:0:0,2,151
141,18,06:0:0,22:0:0,3,173
142,18,22:0:0,06:0:0,3,210
143,18,06:0:0,22:0:0,4,243
144,18,22:0:0,06:0:0,4,298
145,19,06:0:0,22:0:0,1,57
146,19,22:0:0,06:0:0,1,71
147,19,06:0:0,22:0:0,2,133
148,19,22:0:0,06:0:0,2,173
149,19,06:0:0,22:0:0,3,168
150,19,22:0:0,06:0:0,3,228
151,19,06:0:0,22:0:0,4,252
152,19,22:0:0,06:0:0,4,307
153,20,06:0:0,22:0:0,1,53
154,20,22:0:0,06:0:0,1,74
155,20,06:0:0,22:0:0,2,120
156,20,22:0:0,06:0:0,2,177
157,20,06:0:0,22:0:0,3,190
158,20,22:0:0,06:0:0,3,269
159,20,06:0:0,22:0:0,4,237
160,20,22:0:0,06:0:0,4,288
161,21,06:0:0,22:0:0,1,59
162,21,22:0:0,06:0:0,1,78
163,21,06:0:0,22:0:0,2,117
164,21,22:0:0,06:0:0,2,150
165,21,06:0:0,22:0:0,3,208
166,21,22:0:0,06:0:0,3,266
167,21,06:0:0,22:0:0,4,227
168,21,22:0:0,06:0:0,4,334
169,22,06:0:0,22:0:0,1,67
170,22,22:0:0,06:0:0,1,72
171,22,06:0:0,22:0:0,2,100
172,22,22:0:0,06:0:0,2,163
173,22,06:0:0,22:0:0,3,184
174,22,22:0:0,06:0:0,3,270
175,22,06:0:0,22:0:0,4,207
176,22,22:0:0,06:0:0,4,307
177,23,06:0:0,22:0:0,1,70
178,23,22:0:0,06:0:0,1,80
179,23,06:0:0,22:0:0,2,111
180,23,22:0:0,06:0:0,2,180
181,23,06:0:0,22:0:0,3,193
182,23,22:0:0,06:0:0,3,217
183,23,06:0:0,22:0:0,4,249
184,23,22:0:0,06:0:0,4,312
185,24,06:0:0,22:0:0,1,52
186,24,22:0:0,06:0:0,1,90
187,24,06:0:0,22:0:0,2,101
188,24,22:0:0,06:0:0,2,143
189,24,06:0:0,22:0:0,3,177
190,24,22:0:0,06:0:0,3,210
191,24,06:0:0,22:0:0,4,248
192,24,22:0:0,06:0:0,4,285
193,25,06:0:0,22:0:0,1,56
194,25,22:0:0,06:0:0,1,76
195,25,06:0:0,22:0:0,2,114
196,25,22:0:0,06:0:0,2,170
197,25,06:0:0,22:0:0,3,205
198,25,22:0:0,06:0:0,3,250
199,25,06:0:0,22:0:0,4,248
200,25,22:0:0,06:0:0,4,313
201,26,06:0:0,22:0:0,1,56
202,26,22:0:0,06:0:0,1,76
203,26,06:0:0,22:0:0,2,129
204,26,22:0:0,06:0:0,2,152
205,26,06:0:0,22:0:0,3,175
206,26,22:0:0,06:0:0,3,210
207,26,06:0:0,22:0:0,4,271
208,26,22:0:0,06:0:0,4,330
209,27,06:0:0,22:0:0,1,52
210,27,22:0:0,06:0:0,1,76
211,27,06:0:0,22:0:0,2,130
212,27,22:0:0,06:0:0,2,175
213,27,06:0:0,22:0:0,3,173
214,27,22:0:0,06:0:0,3,218
215,27,06:0:0,22:0:0,4,203
216,27,22:0:0,06:0:0,4,352
217,28,06:0:0,22:0:0,1,51
218,28,22:0:0,06:0:0,1,79
219,28,06:0:0,22:0:0,2,119
220,28,22:0:0,06:0:0,2,175
221,28,06:0:0,22:0:0,3,204
222,28,22:0:0,06:0:0,3,216
223,28,06:0:0,22:0:0,4,230
224,28,22:0:0,06:0:0,4,349
225,29,06:0:0,22:0:0,1,50
226,29,22:0:0,06:0:0,1,78
227,29,06:0:0,22:0:0,2,104
228,29,22:0:0,06:0:0,2,174
229,29,06:0:0,22:0:0,3,157
230,29,22:0:0,06:0:0,3,224
231,29,06:0:0,22:0:0,4,218
232,29,22:0:0,06:0:0,4,336
233,30,06:0:0,22:0:0,1,56
234,30,22:0:0,06:0:0,1,88
235,30,06:0:0,22:0:0,2,136
236,30,22:0:0,06:0:0,2,173
237,30,06:0:0,22:0:0,3,162
238,30,22:0:0,06:0:0,3,225
239,30,06:0:0,22:0:0,4,232
240,30,22:0:0,06:0:0,4,349
241,31,06:0:0,22:0:0,1,65
242,31,22:0:0,06:0:0,1,76
243,31,06:0:0,22:0:0,2,124
244,31,22:0:0,06:0:0,2,157
245,31,06:0:0,22:0:0,3,183
246,31,22:0:0,06:0:0,3,218
247,31,06:0:0,22:0:0,4,246
248,31,22:0:0,06:0:0,4,325
249,32,06:0:0,22:0:0,1,67
250,32,22:0:0,06:0:0,1,79
251,32,06:0:0,22:0:0,2,139
252,32,22:0:0,06:0:0,2,173
253,32,06:0:0,22:0:0,3,168
254,32,22:0:0,06:0:0,3,226
255,32,06:0:0,22:0:0,4,254
256,32,22:0:0,06:0:0,4,301
257,33,06:0:0,22:0:0,1,56
258,33,22:0:0,06:0:0,1,82
259,33,06:0:0,22:0:0,2,117
260,33,22:0:0,06:0:0,2,177
261,33,06:0:0,22:0:0,3,155
262,33,22:0:0,06:0:0,3,220
263,33,06:0:0,22:0:0,4,271
264,33,22:0:0,06:0:0,4,302
265,34,06:0:0,22:0:0,1,55
266,34,22:0:0,06:0:0,1,80
267,34,06:0:0,22:0:0,2,121
268,34,22:0:0,06:0:0,2,149
269,34,06:0:0,22:0:0,3,197
270,34,22:0:0,06:0:0,3,216
271,34,06:0:0,22:0:0,4,270
272,34,22:0:0,06:0:0,4,316
273,35,06:0:0,22:0:0,1,59
274,35,22:0:0,06:0:0,1,85
275,35,06:0:0,22:0:0,2,110
276,35,22:0:0,06:0:0,2,146
277,35,06:0:0,22:0:0,3,202
278,35,22:0:0,06:0:0,3,264
279,35,06:0:0,22:0:0,4,238
280,35,22:0:0,06:0:0,4,346
281,36,06:0:0,22:0:0,1,52
282,36,22:0:0,06:0:0,1,83
283,36,06:0:0,22:0:0,2,117
284,36,22:0:0,06:0:0,2,175
285,36,06:0:0,22:0:0,3,172
286,36,22:0:0,06:0:0,3,239
287,36,06:0:0,22:0:0,4,208
288,36,22:0:0,06:0:0,4,352
289,37,06:0:0,22:0:0,1,60
290,37,22:0:0,06:0:0,1,90
291,37,06:0:0,22:0:0,2,119
292,37,22:0:0,06:0:0,2,178
293,37,06:0:0,22:0:0,3,152
294,37,22:0:0,06:0:0,3,211
295,37,06:0:0,22:0:0,4,272
296,37,22:0:0,06:0:0,4,303
297,38,06:0:0,22:0:0,1,52
298,38,22:0:0,06:0:0,1,87
299,38,06:0:0,22:0:0,2,109
300,38,22:0:0,06:0:0,2,166
301,38,06:0:0,22:0:0,3,208
302,38,22:0:0,06:0:0,3,248
303,38,06:0:0,22:0:0,4,259
304,38,22:0:0,06:0:0,4,283
305,39,06:0:0,22:0:0,1,63
306,39,22:0:0,06:0:0,1,73
307,39,06:0:0,22:0:0,2,105
308,39,22:0:0,06:0:0,2,174
309,39,06:0:0,22:0:0,3,209
310,39,22:0:0,06:0:0,3,260
311,39,06:0:0,22:0:0,4,201
312,39,22:0:0,06:0:0,4,321
313,40,06:0:0,22:0:0,1,53
314,40,22:0:0,06:0:0,1,75
315,40,06:0:0,22:0:0,2,128
316,40,22:0:0,06:0:0,2,152
317,40,06:0:0,22:0:0,3,156
318,40,22:0:0,06:0:0,3,239
319,40,06:0:0,22:0:0,4,271
320,40,22:0:0,06:0:0,4,357
321,41,06:0:0,22:0:0,1,61
322,41,22:0:0,06:0:0,1,85
323,41,06:0:0,22:0:0,2,113
324,41,22:0:0,06:0:0,2,180
325,41,06:0:0,22:0:0,3,165
326,41,22:0:0,06:0:0,3,248
327,41,06:0:0,22:0:0,4,200
328,41,22:0:0,06:0:0,4,295
329,42,06:0:0,22:0:0,1,69
330,42,22:0:0,06:0:0,1,87
331,42,06:0:0,22:0:0,2,116
332,42,22:0:0,06:0:0,2,178
333,42,06:0:0,22:0:0,3,151
334,42,22:0:0,06:0:0,3,211
335,42,06:0:0,22:0:0,4,229
336,42,22:0:0,06:0:0,4,302
337,43,06:0:0,22:0:0,1,65
338,43,22:0:0,06:0:0,1,88
339,43,06:0:0,22:0:0,2,103
340,43,22:0:0,06:0:0,2,171
341,43,06:0:0,22:0:0,3,152
342,43,22:0:0,06:0:0,3,246
343,43,06:0:0,22:0:0,4,219
344,43,22:0:0,06:0:0,4,327
345,44,06:0:0,22:0:0,1,65
346,44,22:0:0,06:0:0,1,77
347,44,06:0:0,22:0:0,2,106
348,44,22:0:0,06:0:0,2,169
349,44,06:0:0,22:0:0,3,185
350,44,22:0:0,06:0:0,3,262
351,44,06:0:0,22:0:0,4,203
352,44,22:0:0,06:0:0,4,307
353,45,06:0:0,22:0:0,1,55
354,45,22:0:0,06:0:0,1,83
355,45,06:0:0,22:0:0,2,138
356,45,22:0:0,06:0:0,2,172
357,45,06:0:0,22:0:0,3,155
358,45,22:0:0,06:0:0,3,261
359,45,06:0:0,22:0:0,4,238
360,45,22:0:0,06:0:0,4,304
361,46,06:0:0,22:0:0,1,70
362,46,22:0:0,06:0:0,1,73
363,46,06:0:0,22:0:0,2,136
364,46,22:0:0,06:0:0,2,141
365,46,06:0:0,22:0:0,3,174
366,46,22:0:0,06:0:0,3,216
367,46,06:0:0,22:0:0,4,255
368,46,22:0:0,06:0:0,4,284
369,47,06:0:0,22:0:0,1,60
370,47,22:0:0,06:0:0,1,84
371,47,06:0:0,22:0:0,2,112
372,47,22:0:0,06:0:0,2,158
373,47,06:0:0,22:0:0,3,197
374,47,22:0:0,06:0:0,3,237
375,47,06:0:0,22:0:0,4,255
376,47,22:0:0,06:0:0,4,291
377,48,06:0:0,22:0:0,1,69
378,48,22:0:0,06:0:0,1,88
379,48,06:0:0,22:0:0,2,100
380,48,22:0:0,06:0:0,2,164
381,48,06:0:0,22:0:0,3,172
382,48,22:0:0,06:0:0,3,238
383,48,06:0:0,22:0:0,4,265
384,48,22:0:0,06:0:0,4,321
385,49,06:0:0,22:0:0,1,67
386,49,22:0:0,06:0:0,1,80
387,49,06:0:0,22:0:0,2,126
388,49,22:0:0,06:0:0,2,157
389,49,06:0:0,22:0:0,3,200
390,49,22:0:0,06:0:0,3,244
391,49,06:0:0,22:0:0,4,269
392,49,22:0:0,06:0:0,4,302
393,50,06:0:0,22:0:0,1,50
394,50,22:0:0,06:0:0,1,86
395,50,06:0:0,22:0:0,2,136
396,50,22:0:0,06:0:0,2,172
397,50,06:0:0,22:0:0,3,184
398,50,22:0:0,06:0:0,3,219
399,50,06:0:0,22:0:0,4,214
400,50,22:0:0,06:0:0,4,317
401,51,06:0:0,22:0:0,1,65
402,51,22:0:0,06:0:0,1,83
403,51,06:0:0,22:0:0,2,116
404,51,22:0:0,06:0:0,2,178
405,51,06:0:0,22:0:0,3,203
406,51,22:0:0,06:0:0,3,210
407,51,06:0:0,22:0:0,4,233
408,51,22:0:0,06:0:0,4,290
409,52,06:0:0,22:0:0,1,65
410,52,22:0:0,06:0:0,1,84
411,52,06:0:0,22:0:0,2,113
412,52,22:0:0,06:0:0,2,147
413,52,06:0:0,22:0:0,3,166
414,52,22:0:0,06:0:0,3,270
415,52,06:0:0,22:0:0,4,248
416,52,22:0:0,06:0:0,4,348
417,53,06:0:0,22:0:0,1,70
418,53,22:0:0,06:0:0,1,90
419,53,06:0:0,22:0:0,2,113
420,53,22:0:0,06:0:0,2,145
421,53,06:0:0,22:0:0,3,185
422,53,22:0:0,06:0:0,3,252
423,53,06:0:0,22:0:0,4,236
424,53,22:0:0,06:0:0,4,312
425,54,06:0:0,22:0:0,1,58
426,54,22:0:0,06:0:0,1,77
427,54,06:0:0,22:0:0,2,135
428,54,22:0:0,06:0:0,2,180
429,54,06:0:0,22:0:0,3,160
430,54,22:0:0,06:0:0,3,229
431,54,06:0:0,22:0:0,4,249
432,54,22:0:0,06:0:0,4,302
433,55,06:0:0,22:0:0,1,50
434,55,22:0:0,06:0:0,1,81
435,55,06:0:0,22:0:0,2,139
436,55,22:0:0,06:0:0,2,179
437,55,06:0:0,22:0:0,3,196
438,55,22:0:0,06:0:0,3,229
439,55,06:0:0,22:0:0,4,270
440,55,22:0:0,06:0:0,4,356
441,56,06:0:0,22:0:0,1,69
442,56,22:0:0,06:0:0,1,85
443,56,06:0:0,22:0:0,2,134
444,56,22:0:0,06:0:0,2,166
445,56,06:0:0,22:0:0,3,190
446,56,22:0:0,06:0:0,3,220
447,56,06:0:0,22:0:0,4,216
448,56,22:0:0,06:0:0,4,328
449,57,06:0:0,22:0:0,1,57
450,57,22:0:0,06:0:0,1,87
451,57,06:0:0,22:0:0,2,101
452,57,22:0:0,06:0:0,2,143
453,57,06:0:0,22:0:0,3,185
454,57,22:0:0,06:0:0,3,225
455,57,06:0:0,22:0:0,4,254
456,57,22:0:0,06:0:0,4,321
457,58,06:0:0,22:0:0,1,70
458,58,22:0:0,06:0:0,1,73
459,58,06:0:0,22:0:0,2,116
460,58,22:0:0,06:0:0,2,157
461,58,06:0:0,22:0:0,3,172
462,58,22:0:0,06:0:0,3,249
463,58,06:0:0,22:0:0,4,226
464,58,22:0:0,06:0:0,4,358
465,59,06:0:0,22:0:0,1,67
466,59,22:0:0,06:0:0,1,80
467,59,06:0:0,22:0:0,2,118
468,59,22:0:0,06:0:0,2,171
469,59,06:0:0,22:0:0,3,169
470,59,22:0:0,06:0:0,3,266
471,59,06:0:0,22:0:0,4,257
472,59,22:0:0,06:0:0,4,313
473,60,06:0:0,22:0:0,1,59
474,60,22:0:0,06:0:0,1,85
475,60,06:0:0,22:0:0,2,103
476,60,22:0:0,06:0:0,2,143
477,60,06:0:0,22:0:0,3,161
478,60,22:0:0,06:0:0,3,265
479,60,06:0:0,22:0:0,4,264
480,60,22:0:0,06:0:0,4,294
481,61,06:0:0,22:0:0,1,60
482,61,22:0:0,06:0:0,1,70
483,61,06:0:0,22:0:0,2,102
484,61,22:0:0,06:0:0,2,160
485,61,06:0:0,22:0:0,3,186
486,61,22:0:0,06:0:0,3,213
487,61,06:0:0,22:0:0,4,257
488,61,22:0:0,06:0:0,4,350
489,62,06:0:0,22:0:0,1,50
490,62,22:0:0,06:0:0,1,80
491,62,06:0:0,22:0:0,2,117
492,62,22:0:0,06:0:0,2,161
493,62,06:0:0,22:0:0,3,169
494,62,22:0:0,06:0:0,3,247
495,62,06:0:0,22:0:0,4,202
496,62,22:0:0,06:0:0,4,324
497,63,06:0:0,22:0:0,1,59
498,63,22:0:0,06:0:0,1,71
499,63,06:0:0,22:0:0,2,108
500,63,22:0:0,06:0:0,2,144
501,63,06:0:0,22:0:0,3,202
502,63,22:0:0,06:0:0,3,211
503,63,06:0:0,22:0:0,4,219
504,63,22:0:0,06:0:0,4,321
505,64,06:0:0,22:0:0,1,64
506,64,22:0:0,06:0:0,1,76
507,64,06:0:0,22:0:0,2,123
508,64,22:0:0,06:0:0,2,153
509,64,06:0:0,22:0:0,3,164
510,64,22:0:0,06:0:0,3,232
511,64,06:0:0,22:0:0,4,265
512,64,22:0:0,06:0:0,4,330
513,65,06:0:0,22:0:0,1,62
514,65,22:0:0,06:0:0,1,70
515,65,06:0:0,22:0:0,2,133
516,65,22:0:0,06:0:0,2,152
517,65,06:0:0,22:0:0,3,164
518,65,22:0:0,06:0:0,3,254
519,65,06:0:0,22:0:0,4,207
520,65,22:0:0,06:0:0,4,314
521,66,06:0:0,22:0:0,1,50
522,66,22:0:0,06:0:0,1,73
523,66,06:0:0,22:0:0,2,117
524,66,22:0:0,06:0:0,2,156
525,66,06:0:0,22:0:0,3,163
526,66,22:0:0,06:0:0,3,248
527,66,06:0:0,22:0:0,4,267
528,66,22:0:0,06:0:0,4,338
529,67,06:0:0,22:0:0,1,58
530,67,22:0:0,06:0:0,1,80
531,67,06:0:0,22:0:0,2,130
532,67,22:0:0,06:0:0,2,151
533,67,06:0:0,22:0:0,3,205
534,67,22:0:0,06:0:0,3,240
535,67,06:0:0,22:0:0,4,210
536,67,22:0:0,06:0:0,4,290
537,68,06:0:0,22:0:0,1,69
538,68,22:0:0,06:0:0,1,84
539,68,06:0:0,22:0:0,2,128
540,68,22:0:0,06:0:0,2,142
541,68,06:0:0,22:0:0,3,159
542,68,22:0:0,06:0:0,3,252
543,68,06:0:0,22:0:0,4,255
544,68,22:0:0,06:0:0,4,282
545,69,06:0:0,22:0:0,1,64
546,69,22:0:0,06:0:0,1,73
547,69,06:0:0,22:0:0,2,132
548,69,22:0:0,06:0:0,2,167
549,69,06:0:0,22:0:0,3,165
550,69,22:0:0,06:0:0,3,245
551,69,06:0:0,22:0:0,4,231
552,69,22:0:0,06:0:0,4,339
553,70,06:0:0,22:0:0,1,63
554,70,22:0:0,06:0:0,1,83
555,70,06:0:0,22:0:0,2,140
556,70,22:0:0,06:0:0,2,163
557,70,06:0:0,22:0:0,3,195
558,70,22:0:0,06:0:0,3,266
559,70,06:0:0,22:0:0,4,280
560,70,22:0:0,06:0:0,4,302
561,71,06:0:0,22:0:0,1,68
562,71,22:0:0,06:0:0,1,81
563,71,06:0:0,22:0:0,2,115
564,71,22:0:0,06:0:0,2,140
565,71,06:0:0,22:0:0,3,192
566,71,22:0:0,06:0:0,3,230
567,71,06:0:0,22:0:0,4,276
568,71,22:0:0,06:0:0,4,346
569,72,06:0:0,22:0:0,1,51
570,72,22:0:0,06:0:0,1,79
571,72,06:0:0,22:0:0,2,110
572,72,22:0:0,06:0:0,2,164
573,72,06:0:0,22:0:0,3,208
574,72,22:0:0,06:0:0,3,235
575,72,06:0:0,22:0:0,4,247
576,72,22:0:0,06:0:0,4,332
577,73,06:0:0,22:0:0,1,61
578,73,22:0:0,06:0:0,1,70
579,73,06:0:0,22:0:0,2,111
580,73,22:0:0,06:0:0,2,164
581,73,06:0:0,22:0:0,3,210
582,73,22:0:0,06:0:0,3,264
583,73,06:0:0,22:0:0,4,206
584,73,22:0:0,06:0:0,4,314
585,74,06:0:0,22:0:0,1,69
586,74,22:0:0,06:0:0,1,70
587,74,06:0:0,22:0:0,2,125
588,74,22:0:0,06:0:0,2,178
589,74,06:0:0,22:0:0,3,208
590,74,22:0:0,06:0:0,3,249
591,74,06:0:0,22:0:0,4,257
592,74,22:0:0,06:0:0,4,320
593,75,06:0:0,22:0:0,1,56
594,75,22:0:0,06:0:0,1,75
595,75,06:0:0,22:0:0,2,113
596,75,22:0:0,06:0:0,2,149
597,75,06:0:0,22:0:0,3,168
598,75,22:0:0,06:0:0,3,260
599,75,06:0:0,22:0:0,4,244
600,75,22:0:0,06:0:0,4,349
601,76,06:0:0,22:0:0,1,66
602,76,22:0:0,06:0:0,1,71
603,76,06:0:0,22:0:0,2,125
604,76,22:0:0,06:0:0,2,144
605,76,06:0:0,22:0:0,3,181
606,76,22:0:0,06:0:0,3,211
607,76,06:0:0,22:0:0,4,248
608,76,22:0:0,06:0:0,4,356
609,77,06:0:0,22:0:0,1,51
610,77,22:0:0,06:0:0,1,71
611,77,06:0:0,22:0:0,2,115
612,77,22:0:0,06:0:0,2,148
613,77,06:0:0,22:0:0,3,163
614,77,22:0:0,06:0:0,3,217
615,77,06:0:0,22:0:0,4,256
616,77,22:0:0,06:0:0,4,351
617,78,06:0:0,22:0:0,1,51
618,78,22:0:0,06:0:0,1,86
619,78,06:0:0,22:0:0,2,140
620,78,22:0:0,06:0:0,2,166
621,78,06:0:0,22:0:0,3,151
622,78,22:0:0,06:0:0,3,251
623,78,06:0:0,22:0:0,4,275
624,78,22:0:0,06:0:0,4,286
625,79,06:0:0,22:0:0,1,52
626,79,22:0:0,06:0:0,1,80
627,79,06:0:0,22:0:0,2,126
628,79,22:0:0,06:0:0,2,155
629,79,06:0:0,22:0:0,3,186
630,79,22:0:0,06:0:0,3,268
631,79,06:0:0,22:0:0,4,252
632,79,22:0:0,06:0:0,4,293
633,80,06:0:0,22:0:0,1,56
634,80,22:0:0,06:0:0,1,90
635,80,06:0:0,22:0:0,2,118
636,80,22:0:0,06:0:0,2,172
637,80,06:0:0,22:0:0,3,155
638,80,22:0:0,06:0:0,3,222
639,80,06:0:0,22:0:0,4,203
640,80,22:0:0,06:0:0,4,300
641,81,06:0:0,22:0:0,1,70
642,81,22:0:0,06:0:0,1,84
643,81,06:0:0,22:0:0,2,118
644,81,22:0:0,06:0:0,2,173
645,81,06:0:0,22:0:0,3,168
646,81,22:0:0,06:0:0,3,245
647,81,06:0:0,22:0:0,4,267
648,81,22:0:0,06:0:0,4,314
649,82,06:0:0,22:0:0,1,70
650,82,22:0:0,06:0:0,1,87
651,82,06:0:0,22:0:0,2,130
652,82,22:0:0,06:0:0,2,160
653,82,06:0:0,22:0:0,3,169
654,82,22:0:0,06:0:0,3,216
655,82,06:0:0,22:0:0,4,216
656,82,22:0:0,06:0:0,4,357
657,83,06:0:0,22:0:0,1,61
658,83,22:0:0,06:0:0,1,76
659,83,06:0:0,22:0:0,2,102
660,83,22:0:0,06:0:0,2,170
661,83,06:0:0,22:0:0,3,150
662,83,22:0:0,06:0:0,3,264
663,83,06:0:0,22:0:0,4,246
664,83,22:0:0,06:0:0,4,339
665,84,06:0:0,22:0:0,1,62
666,84,22:0:0,06:0:0,1,75
667,84,06:0:0,22:0:0,2,101
668,84,22:0:0,06:0:0,2,169
669,84,06:0:0,22:0:0,3,198
670,84,22:0:0,06:0:0,3,269
671,84,06:0:0,22:0:0,4,209
672,84,22:0:0,06:0:0,4,346
673,85,06:0:0,22:0:0,1,70
674,85,22:0:0,06:0:0,1,78
675,85,06:0:0,22:0:0,2,123
676,85,22:0:0,06:0:0,2,143
677,85,06:0:0,22:0:0,3,194
678,85,22:0:0,06:0:0,3,230
679,85,06:0:0,22:0:0,4,239
680,85,22:0:0,06:0:0,4,350
681,86,06:0:0,22:0:0,1,52
682,86,22:0:0,06:0:0,1,72
683,86,06:0:0,22:0:0,2,131
684,86,22:0:0,06:0:0,2,140
685,86,06:0:0,22:0:0,3,188
686,86,22:0:0,06:0:0,3,239
687,86,06:0:0,22:0:0,4,228
688,86,22:0:0,06:0:0,4,314
689,87,06:0:0,22:0:0,1,60
690,87,22:0:0,06:0:0,1,76
691,87,06:0:0,22:0:0,2,130
692,87,22:0:0,06:0:0,2,165
693,87,06:0:0,22:0:0,3,180
694,87,22:0:0,06:0:0,3,258
695,87,06:0:0,22:0:0,4,220
696,87,22:0:0,06:0:0,4,297
697,88,06:0:0,22:0:0,1,56
698,88,22:0:0,06:0:0,1,88
699,88,06:0:0,22:0:0,2,139
700,88,22:0:0,06:0:0,2,152
701,88,06:0:0,22:0:0,3,155
702,88,22:0:0,06:0:0,3,223
703,88,06:0:0,22:0:0,4,229
704,88,22:0:0,06:0:0,4,289
705,89,06:0:0,22:0:0,1,60
706,89,22:0:0,06:0:0,1,88
707,89,06:0:0,22:0:0,2,125
708,89,22:0:0,06:0:0,2,174
709,89,06:0:0,22:0:0,3,167
710,89,22:0:0,06:0:0,3,220
711,89,06:0:0,22:0:0,4,204
712,89,22:0:0,06:0:0,4,353
713,90,06:0:0,22:0:0,1,54
714,90,22:0:0,06:0:0,1,85
715,90,06:0:0,22:0:0,2,129
716,90,22:0:0,06:0:0,2,162
717,90,06:0:0,22:0:0,3,168
718,90,22:0:0,06:0:0,3,262
719,90,06:0:0,22:0:0,4,212
720,90,22:0:0,06:0:0,4,292
721,91,06:0:0,22:0:0,1,55
722,91,22:0:0,06:0:0,1,90
723,91,06:0:0,22:0:0,2,140
724,91,22:0:0,06:0:0,2,140
725,91,06:0:0,22:0:0,3,157
726,91,22:0:0,06:0:0,3,251
727,91,06:0:0,22:0:0,4,246
728,91,22:0:0,06:0:0,4,282
729,92,06:0:0,22:0:0,1,60
730,92,22:0:0,06:0:0,1,87
731,92,06:0:0,22:0:0,2,105
732,92,22:0:0,06:0:0,2,166
733,92,06:0:0,22:0:0,3,151
734,92,22:0:0,06:0:0,3,263
735,92,06:0:0,22:0:0,4,268
736,92,22:0:0,06:0:0,4,318
737,93,06:0:0,22:0:0,1,66
738,93,22:0:0,06:0:0,1,76
739,93,06:0:0,22:0:0,2,105
740,93,22:0:0,06:0:0,2,164
741,93,06:0:0,22:0:0,3,176
742,93,22:0:0,06:0:0,3,258
743,93,06:0:0,22:0:0,4,203
744,93,22:0:0,06:0:0,4,331
745,94,06:0:0,22:0:0,1,57
746,94,22:0:0,06:0:0,1,88
747,94,06:0:0,22:0:0,2,125
748,94,22:0:0,06:0:0,2,144
749,94,06:0:0,22:0:0,3,182
750,94,22:0:0,06:0:0,3,269
751,94,06:0:0,22:0:0,4,240
752,94,22:0:0,06:0:0,4,339
753,95,06:0:0,22:0:0,1,57
754,95,22:0:0,06:0:0,1,89
755,95,06:0:0,22:0:0,2,110
756,95,22:0:0,06:0:0,2,162
757,95,06:0:0,22:0:0,3,185
758,95,22:0:0,06:0:0,3,233
759,95,06:0:0,22:0:0,4,259
760,95,22:0:0,06:0:0,4,312
761,96,06:0:0,22:0:0,1,53
762,96,22:0:0,06:0:0,1,90
763,96,06:0:0,22:0:0,2,132
764,96,22:0:0,06:0:0,2,153
765,96,06:0:0,22:0:0,3,173
766,96,22:0:0,06:0:0,3,247
767,96,06:0:0,22:0:0,4,221
768,96,22:0:0,06:0:0,4,318
769,97,06:0:0,22:0:0,1,69
770,97,22:0:0,06:0:0,1,71
771,97,06:0:0,22:0:0,2,132
772,97,22:0:0,06:0:0,2,144
773,97,06:0:0,22:0:0,3,179
774,97,22:0:0,06:0:0,3,222
775,97,06:0:0,22:0:0,4,206
776,97,22:0:0,06:0:0,4,330
777,98,06:0:0,22:0:0,1,55
778,98,22:0:0,06:0:0,1,72
779,98,06:0:0,22:0:0,2,111
780,98,22:0:0,06:0:0,2,155
781,98,06:0:0,22:0:0,3,164
782,98,22:0:0,06:0:0,3,262
783,98,06:0:0,22:0:0,4,213
784,98,22:0:0,06:0:0,4,330
785,99,06:0:0,22:0:0,1,63
786,99,22:0:0,06:0:0,1,74
787,99,06:0:0,22:0:0,2,125
788,99,22:0:0,06:0:0,2,164
789,99,06:0:0,22:0:0,3,187
790,99,22:0:0,06:0:0,3,260
791,99,06:0:0,22:0:0,4,242
792,99,22:0:0,06:0:0,4,360
793,100,06:0:0,22:0:0,1,66
794,100,22:0:0,06:0:0,1,72
795,100,06:0:0,22:0:0,2,112
796,100,22:0:0,06:0:0,2,175
797,100,06:0:0,22:0:0,3,161
798,100,22:0:0,06:0:0,3,235
799,100,06:0:0,22:0:0,4,235
800,100,22:0:0,06:0:0,4,318
801,101,06:0:0,22:0:0,1,60
802,101,22:0:0,06:0:0,1,84
803,101,06:0:0,22:0:0,2,100
804,101,22:0:0,06:0:0,2,175
805,101,06:0:0,22:0:0,3,158
806,101,22:0:0,06:0:0,3,213
807,101,06:0:0,22:0:0,4,234
808,101,22:0:0,06:0:0,4,333
809,102,06:0:0,22:0:0,1,66
810,102,22:0:0,06:0:0,1,81
811,102,06:0:0,22:0:0,2,136
812,102,22:0:0,06:0:0,2,163
813,102,06:0:0,22:0:0,3,204
814,102,22:0:0,06:0:0,3,269
815,102,06:0:0,22:0:0,4,263
816,102,22:0:0,06:0:0,4,354
817,103,06:0:0,22:0:0,1,56
818,103,22:0:0,06:0:0,1,82
819,103,06:0:0,22:0:0,2,133
820,103,22:0:0,06:0:0,2,175
821,103,06:0:0,22:0:0,3,200
822,103,22:0:0,06:0:0,3,254
823,103,06:0:0,22:0:0,4,219
824,103,22:0:0,06:0:0,4,337
825,104,06:0:0,22:0:0,1,65
826,104,22:0:0,06:0:0,1,71
827,104,06:0:0,22:0:0,2,104
828,104,22:0:0,06:0:0,2,179
829,104,06:0:0,22:0:0,3,195
830,104,22:0:0,06:0:0,3,213
831,104,06:0:0,22:0:0,4,275
832,104,22:0:0,06:0:0,4,353
833,105,06:0:0,22:0:0,1,60
834,105,22:0:0,06:0:0,1,86
835,105,06:0:0,22:0:0,2,102
836,105,22:0:0,06:0:0,2,152
837,105,06:0:0,22:0:0,3,172
838,105,22:0:0,06:0:0,3,233
839,105,06:0:0,22:0:0,4,259
840,105,22:0:0,06:0:0,4,316
841,106,06:0:0,22:0:0,1,64
842,106,22:0:0,06:0:0,1,79
843,106,06:0:0,22:0:0,2,100
844,106,22:0:0,06:0:0,2,143
845,106,06:0:0,22:0:0,3,178
846,106,22:0:0,06:0:0,3,219
847,106,06:0:0,22:0:0,4,205
848,106,22:0:0,06:0:0,4,332
849,107,06:0:0,22:0:0,1,64
850,107,22:0:0,06:0:0,1,70
851,107,06:0:0,22:0:0,2,133
852,107,22:0:0,06:0:0,2,157
853,107,06:0:0,22:0:0,3,164
854,107,22:0:0,06:0:0,3,218
855,107,06:0:0,22:0:0,4,248
856,107,22:0:0,06:0:0,4,326
857,108,06:0:0,22:0:0,1,61
858,108,22:0:0,06:0:0,1,78
859,108,06:0:0,22:0:0,2,119
860,108,22:0:0,06:0:0,2,151
861,108,06:0:0,22:0:0,3,159
862,108,22:0:0,06:0:0,3,225
863,108,06:0:0,22:0:0,4,223
864,108,22:0:0,06:0:0,4,304
865,109,06:0:0,22:0:0,1,50
866,109,22:0:0,06:0:0,1,75
867,109,06:0:0,22:0:0,2,103
868,109,22:0:0,06:0:0,2,175
869,109,06:0:0,22:0:0,3,179
870,109,22:0:0,06:0:0,3,257
871,109,06:0:0,22:0:0,4,252
872,109,22:0:0,06:0:0,4,312
873,110,06:0:0,22:0:0,1,67
874,110,22:0:0,06:0:0,1,78
875,110,06:0:0,22:0:0,2,118
876,110,22:0:0,06:0:0,2,173
877,110,06:0:0,22:0:0,3,181
878,110,22:0:0,06:0:0,3,235
879,110,06:0:0,22:0:0,4,219
880,110,22:0:0,06:0:0,4,341
881,111,06:0:0,22:0:0,1,51
882,111,22:0:0,06:0:0,1,87
883,111,06:0:0,22:0:0,2,138
884,111,22:0:0,06:0:0,2,145
885,111,06:0:0,22:0:0,3,150
886,111,22:0:0,06:0:0,3,263
887,111,06:0:0,22:0:0,4,210
888,111,22:0:0,06:0:0,4,292
889,112,06:0:0,22:0:0,1,63
890,112,22:0:0,06:0:0,1,88
891,112,06:0:0,22:0:0,2,119
892,112,22:0:0,06:0:0,2,149
893,112,06:0:0,22:0:0,3,161
894,112,22:0:0,06:0:0,3,238
895,112,06:0:0,22:0:0,4,271
896,112,22:0:0,06:0:0,4,291
897,113,06:0:0,22:0:0,1,67
898,113,22:0:0,06:0:0,1,74
899,113,06:0:0,22:0:0,2,130
900,113,22:0:0,06:0:0,2,162
901,113,06:0:0,22:0:0,3,207
902,113,22:0:0,06:0:0,3,220
903,113,06:0:0,22:0:0,4,251
904,113,22:0:0,06:0:0,4,340
905,114,06:0:0,22:0:0,1,64
906,114,22:0:0,06:0:0,1,78
907,114,06:0:0,22:0:0,2,120
908,114,22:0:0,06:0:0,2,167
909,114,06:0:0,22:0:0,3,186
910,114,22:0:0,06:0:0,3,228
911,114,06:0:0,22:0:0,4,235
912,114,22:0:0,06:0:0,4,303
913,115,06:0:0,22:0:0,1,61
914,115,22:0:0,06:0:0,1,85
915,115,06:0:0,22:0:0,2,127
916,115,22:0:0,06:0:0,2,146
917,115,06:0:0,22:0:0,3,209
918,115,22:0:0,06:0:0,3,264
919,115,06:0:0,22:0:0,4,241
920,115,22:0:0,06:0:0,4,334
921,116,06:0:0,22:0:0,1,54
922,116,22:0:0,06:0:0,1,89
923,116,06:0:0,22:0:0,2,104
924,116,22:0:0,06:0:0,2,145
925,116,06:0:0,22:0:0,3,185
926,116,22:0:0,06:0:0,3,220
927,116,06:0:0,22:0:0,4,224
928,116,22:0:0,06:0:0,4,280
929,117,06:0:0,22:0:0,1,53
930,117,22:0:0,06:0:0,1,86
931,117,06:0:0,22:0:0,2,110
932,117,22:0:0,06:0:0,2,150
933,117,06:0:0,22:0:0,3,204
934,117,22:0:0,06:0:0,3,220
935,117,06:0:0,22:0:0,4,216
936,117,22:0:0,06:0:0,4,302
937,118,06:0:0,22:0:0,1,60
938,118,22:0:0,06:0:0,1,70
939,118,06:0:0,22:0:0,2,125
940,118,22:0:0,06:0:0,2,164
941,118,06:0:0,22:0:0,3,168
942,118,22:0:0,06:0:0,3,222
943,118,06:0:0,22:0:0,4,220
944,118,22:0:0,06:0:0,4,308
945,119,06:0:0,22:0:0,1,64
946,119,22:0:0,06:0:0,1,79
947,119,06:0:0,22:0:0,2,140
948,119,22:0:0,06:0:0,2,172
949,119,06:0:0,22:0:0,3,158
950,119,22:0:0,06:0:0,3,268
951,119,06:0:0,22:0:0,4,245
952,119,22:0:0,06:0:0,4,357
953,120,06:0:0,22:0:0,1,69
954,120,22:0:0,06:0:0,1,75
955,120,06:0:0,22:0:0,2,126
956,120,22:0:0,06:0:0,2,152
957,120,06:0:0,22:0:0,3,160
958,120,22:0:0,06:0:0,3,217
959,120,06:0:0,22:0:0,4,245
960,120,22:0:0,06:0:0,4,340
961,121,06:0:0,22:0:0,1,62
962,121,22:0:0,06:0:0,1,79
963,121,06:0:0,22:0:0,2,133
964,121,22:0:0,06:0:0,2,152
965,121,06:0:0,22:0:0,3,192
966,121,22:0:0,06:0:0,3,219
967,121,06:0:0,22:0:0,4,274
968,121,22:0:0,06:0:0,4,360
969,122,06:0:0,22:0:0,1,65
970,122,22:0:0,06:0:0,1,86
971,122,06:0:0,22:0:0,2,105
972,122,22:0:0,06:0:0,2,180
973,122,06:0:0,22:0:0,3,210
974,122,22:0:0,06:0:0,3,248
975,122,06:0:0,22:0:0,4,269
976,122,22:0:0,06:0:0,4,296
977,123,06:0:0,22:0:0,1,60
978,123,22:0:0,06:0:0,1,89
979,123,06:0:0,22:0:0,2,123
980,123,22:0:0,06:0:0,2,145
981,123,06:0:0,22:0:0,3,197
982,123,22:0:0,06:0:0,3,235
983,123,06:0:0,22:0:0,4,219
984,123,22:0:0,06:0:0,4,324
985,124,06:0:0,22:0:0,1,62
986,124,22:0:0,06:0:0,1,74
987,124,06:0:0,22:0:0,2,123
988,124,22:0:0,06:0:0,2,166
989,124,06:0:0,22:0:0,3,179
990,124,22:0:0,06:0:0,3,257
991,124,06:0:0,22:0:0,4,279
992,124,22:0:0,06:0:0,4,334
993,125,06:0:0,22:0:0,1,63
994,125,22:0:0,06:0:0,1,72
995,125,06:0:0,22:0:0,2,130
996,125,22:0:0,06:0:0,2,159
997,125,06:0:0,22:0:0,3,197
998,125,22:0:0,06:0:0,3,252
999,125,06:0:0,22:0:0,4,231
1000,125,22:0:0,06:0:0,4,360
1001,126,06:0:0,22:0:0,1,69
1002,126,22:0:0,06:0:0,1,79
1003,126,06:0:0,22:0:0,2,122
1004,126,22:0:0,06:0:0,2,150
1005,126,06:0:0,22:0:0,3,152
1006,126,22:0:0,06:0:0,3,236
1007,126,06:0:0,22:0:0,4,245
1008,126,22:0:0,06:0:0,4,346
1009,127,06:0:0,22:0:0,1,55
1010,127,22:0:0,06:0:0,1,79
1011,127,06:0:0,22:0:0,2,127
1012,127,22:0:0,06:0:0,2,180
1013,127,06:0:0,22:0:0,3,210
1014,127,22:0:0,06:0:0,3,246
1015,127,06:0:0,22:0:0,4,231
1016,127,22:0:0,06:0:0,4,316
1017,128,06:0:0,22:0:0,1,56
1018,128,22:0:0,06:0:0,1,82
1019,128,06:0:0,22:0:0,2,109
1020,128,22:0:0,06:0:0,2,174
1021,128,06:0:0,22:0:0,3,158
1022,128,22:0:0,06:0:0,3,230
1023,128,06:0:0,22:0:0,4,268
1024,128,22:0:0,06:0:0,4,287
1025,129,06:0:0,22:0:0,1,57
1026,129,22:0:0,06:0:0,1,74
1027,129,06:0:0,22:0:0,2,121
1028,129,22:0:0,06:0:0,2,150
1029,129,06:0:0,22:0:0,3,201
1030,129,22:0:0,06:0:0,3,267
1031,129,06:0:0,22:0:0,4,244
1032,129,22:0:0,06:0:0,4,283
1033,130,06:0:0,22:0:0,1,69
1034,130,22:0:0,06:0:0,1,90
1035,130,06:0:0,22:0:0,2,131
1036,130,22:0:0,06:0:0,2,143
1037,130,06:0:0,22:0:0,3,159
1038,130,22:0:0,06:0:0,3,218
1039,130,06:0:0,22:0:0,4,235
1040,130,22:0:0,06:0:0,4,326
